,Lat,Lon
0,59.95,30.3167
1,55.77255,37.61898
2,59.95,30.3167
3,55.71428,37.56322
4,59.95,30.3167
5,6.46678646,3.49159241
6,5.02733492,7.90466309
7,59.934047,30.30595
8,59.95,30.3167
9,54.82704884,55.042319
10,59.8427,30.3219
11,59.95,30.3167
12,58.86535022,42.61368749
13,59.95,30.3167
14,59.94,30.32861111
15,59.92544,30.29594
16,55.71583333,37.55361111
17,41.691828,-8.83441
18,55.71583333,37.55361111
19,59.95,30.3167
20,59.95,30.3167
21,55.77255,37.61898
22,59.95,30.3167
23,59.95,30.3167
24,55.77255,37.61898
25,59.95,30.3167
26,55.71428,37.56322
27,59.95,30.3167
28,6.46678646,3.49159241
29,5.02733492,7.90466309
30,59.934047,30.30595
31,59.95,30.3167
32,54.82704884,55.042319
33,59.8427,30.3219
34,59.95,30.3167
35,58.86535022,42.61368749
36,59.95,30.3167
37,59.94,30.32861111
38,59.92544,30.29594
39,55.71583333,37.55361111
40,41.691828,-8.83441
41,55.71583333,37.55361111
42,59.95,30.3167
43,55.77255,37.61898
44,59.95,30.3167
45,55.71428,37.56322
46,59.95,30.3167
47,59.95,30.3167
48,55.77255,37.61898
49,59.95,30.3167
50,55.71428,37.56322
51,59.95,30.3167
52,6.46678646,3.49159241
53,5.02733492,7.90466309
54,59.934047,30.30595
55,59.95,30.3167
56,54.82704884,55.042319
57,59.8427,30.3219
58,59.95,30.3167
59,58.86535022,42.61368749
60,59.95,30.3167
61,59.94,30.32861111
62,59.92544,30.29594
63,55.71583333,37.55361111
64,41.691828,-8.83441
65,55.71583333,37.55361111
66,59.95,30.3167
67,59.95,30.3167
68,55.77255,37.61898
69,59.95,30.3167
70,55.71428,37.56322
71,59.95,30.3167
72,6.46678646,3.49159241
73,5.02733492,7.90466309
74,59.934047,30.30595
75,59.95,30.3167
76,54.82704884,55.042319
77,59.8427,30.3219
78,59.95,30.3167
79,58.86535022,42.61368749
80,59.95,30.3167
81,59.94,30.32861111
82,59.92544,30.29594
83,55.71583333,37.55361111
84,41.691828,-8.83441
85,55.71583333,37.55361111
86,59.95,30.3167
87,35.0,135.75
88,59.941158,30.326188
89,25.8081,-80.3533
90,-2.0053689,30.0892638
91,59.95,30.3167
92,26.27008,-80.25919
93,26.27008,-80.25919
94,5.65638696,-0.15742693
95,-23.08638889,-46.95055556
96,59.9404,30.3139
97,59.95,30.3167
98,55.77255,37.61898
99,59.95,30.3167
100,59.95,30.3167
101,55.77255,37.61898
102,59.95,30.3167
103,55.71428,37.56322
104,59.95,30.3167
105,6.46678646,3.49159241
106,5.02733492,7.90466309
107,59.934047,30.30595
108,59.95,30.3167
109,54.82704884,55.042319
110,59.8427,30.3219
111,59.95,30.3167
112,58.86535022,42.61368749
113,59.95,30.3167
114,59.94,30.32861111
115,59.92544,30.29594
116,55.71583333,37.55361111
117,41.691828,-8.83441
118,55.71583333,37.55361111
119,59.95,30.3167
120,35.0,135.75
121,59.941158,30.326188
122,25.8081,-80.3533
123,-2.0053689,30.0892638
124,59.95,30.3167
125,26.27008,-80.25919
126,26.27008,-80.25919
127,5.65638696,-0.15742693
128,59.95,30.3167
129,55.77255,37.61898
130,59.95,30.3167
131,55.71428,37.56322
132,59.95,30.3167
133,55.77255,37.61898
134,59.95,30.3167
135,55.71428,37.56322
136,59.95,30.3167
137,6.46678646,3.49159241
138,5.02733492,7.90466309
139,59.934047,30.30595
140,59.95,30.3167
141,54.82704884,55.042319
142,59.8427,30.3219
143,59.95,30.3167
144,58.86535022,42.61368749
145,59.95,30.3167
146,59.94,30.32861111
147,59.92544,30.29594
148,55.71583333,37.55361111
149,41.691828,-8.83441
150,55.71583333,37.55361111
151,59.95,30.3167
152,35.0,135.75
153,59.941158,30.326188
154,25.8081,-80.3533
155,-2.0053689,30.0892638
156,59.95,30.3167
157,26.27008,-80.25919
158,26.27008,-80.25919
159,59.95,30.3167
160,55.77255,37.61898
161,59.95,30.3167
162,55.71428,37.56322
163,59.95,30.3167
164,59.95,30.3167
165,55.77255,37.61898
166,59.95,30.3167
167,55.71428,37.56322
168,59.95,30.3167
169,6.46678646,3.49159241
170,5.02733492,7.90466309
171,59.934047,30.30595
172,59.95,30.3167
173,54.82704884,55.042319
174,59.8427,30.3219
175,59.95,30.3167
176,58.86535022,42.61368749
177,59.95,30.3167
178,59.94,30.32861111
179,59.92544,30.29594
180,55.71583333,37.55361111
181,41.691828,-8.83441
182,55.71583333,37.55361111
183,59.95,30.3167
184,35.0,135.75
185,59.941158,30.326188
186,25.8081,-80.3533
187,-2.0053689,30.0892638
188,59.95,30.3167
189,26.27008,-80.25919
190,59.95,30.3167
191,55.77255,37.61898
192,59.95,30.3167
193,55.71428,37.56322
194,59.95,30.3167
195,6.46678646,3.49159241
196,5.02733492,7.90466309
197,59.95,30.3167
198,55.77255,37.61898
199,59.95,30.3167
200,55.71428,37.56322
201,59.95,30.3167
202,6.46678646,3.49159241
203,5.02733492,7.90466309
204,59.934047,30.30595
205,59.95,30.3167
206,54.82704884,55.042319
207,59.8427,30.3219
208,59.95,30.3167
209,58.86535022,42.61368749
210,59.95,30.3167
211,59.94,30.32861111
212,59.92544,30.29594
213,55.71583333,37.55361111
214,41.691828,-8.83441
215,55.71583333,37.55361111
216,59.95,30.3167
217,35.0,135.75
218,59.941158,30.326188
219,25.8081,-80.3533
220,-2.0053689,30.0892638
221,59.95,30.3167
222,26.27008,-80.25919
223,59.95,30.3167
224,55.77255,37.61898
225,59.95,30.3167
226,55.71428,37.56322
227,59.95,30.3167
228,6.46678646,3.49159241
229,5.02733492,7.90466309
230,59.95,30.3167
231,55.77255,37.61898
232,59.95,30.3167
233,55.71428,37.56322
234,59.95,30.3167
235,6.46678646,3.49159241
236,5.02733492,7.90466309
237,59.934047,30.30595
238,59.95,30.3167
239,54.82704884,55.042319
240,59.8427,30.3219
241,59.95,30.3167
242,58.86535022,42.61368749
243,59.95,30.3167
244,59.94,30.32861111
245,59.92544,30.29594
246,55.71583333,37.55361111
247,41.691828,-8.83441
248,55.71583333,37.55361111
249,59.95,30.3167
250,35.0,135.75
251,59.941158,30.326188
252,25.8081,-80.3533
253,-2.0053689,30.0892638
254,59.95,30.3167
255,26.27008,-80.25919
256,59.95,30.3167
257,55.77255,37.61898
258,59.95,30.3167
259,55.71428,37.56322
260,59.95,30.3167
261,6.46678646,3.49159241
262,5.02733492,7.90466309
263,59.934047,30.30595
264,59.95,30.3167
265,55.77255,37.61898
266,59.95,30.3167
267,55.71428,37.56322
268,59.95,30.3167
269,6.46678646,3.49159241
270,5.02733492,7.90466309
271,59.934047,30.30595
272,59.95,30.3167
273,54.82704884,55.042319
274,59.8427,30.3219
275,59.95,30.3167
276,58.86535022,42.61368749
277,59.95,30.3167
278,59.94,30.32861111
279,59.92544,30.29594
280,55.71583333,37.55361111
281,41.691828,-8.83441
282,55.71583333,37.55361111
283,59.95,30.3167
284,35.0,135.75
285,59.941158,30.326188
286,25.8081,-80.3533
287,59.95,30.3167
288,55.77255,37.61898
289,59.95,30.3167
290,55.71428,37.56322
291,59.95,30.3167
292,6.46678646,3.49159241
293,5.02733492,7.90466309
294,59.934047,30.30595
295,59.95,30.3167
296,54.82704884,55.042319
297,59.8427,30.3219
298,59.95,30.3167
299,58.86535022,42.61368749
300,59.95,30.3167
301,59.94,30.32861111
302,59.92544,30.29594
303,55.71583333,37.55361111
304,41.691828,-8.83441
305,55.71583333,37.55361111
306,59.95,30.3167
307,35.0,135.75
308,59.941158,30.326188
309,25.8081,-80.3533
310,59.95,30.3167
311,55.77255,37.61898
312,59.95,30.3167
313,55.71428,37.56322
314,59.95,30.3167
315,6.46678646,3.49159241
316,5.02733492,7.90466309
317,59.934047,30.30595
318,59.95,30.3167
319,54.82704884,55.042319
320,59.8427,30.3219
321,59.95,30.3167
322,58.86535022,42.61368749
323,59.95,30.3167
324,55.77255,37.61898
325,59.95,30.3167
326,55.71428,37.56322
327,59.95,30.3167
328,6.46678646,3.49159241
329,5.02733492,7.90466309
330,59.934047,30.30595
331,59.95,30.3167
332,54.82704884,55.042319
333,59.8427,30.3219
334,59.95,30.3167
335,58.86535022,42.61368749
336,59.95,30.3167
337,59.94,30.32861111
338,59.92544,30.29594
339,55.71583333,37.55361111
340,41.691828,-8.83441
341,55.71583333,37.55361111
342,59.95,30.3167
343,35.0,135.75
344,59.95,30.3167
345,55.77255,37.61898
346,59.95,30.3167
347,55.71428,37.56322
348,59.95,30.3167
349,6.46678646,3.49159241
350,5.02733492,7.90466309
351,59.934047,30.30595
352,59.95,30.3167
353,54.82704884,55.042319
354,59.8427,30.3219
355,59.95,30.3167
356,58.86535022,42.61368749
357,59.95,30.3167
358,59.94,30.32861111
359,59.95,30.3167
360,55.77255,37.61898
361,59.95,30.3167
362,55.71428,37.56322
363,59.95,30.3167
364,6.46678646,3.49159241
365,5.02733492,7.90466309
366,59.934047,30.30595
367,59.95,30.3167
368,54.82704884,55.042319
369,59.8427,30.3219
370,59.95,30.3167
371,58.86535022,42.61368749
372,59.95,30.3167
373,59.94,30.32861111
374,59.92544,30.29594
375,55.71583333,37.55361111
376,41.691828,-8.83441
377,55.71583333,37.55361111
378,59.95,30.3167
379,59.95,30.3167
380,55.77255,37.61898
381,59.95,30.3167
382,55.71428,37.56322
383,59.95,30.3167
384,6.46678646,3.49159241
385,5.02733492,7.90466309
386,59.934047,30.30595
387,59.95,30.3167
388,54.82704884,55.042319
389,59.8427,30.3219
390,59.95,30.3167
391,58.86535022,42.61368749
392,59.95,30.3167
393,59.94,30.32861111
394,59.92544,30.29594
395,59.95,30.3167
396,55.77255,37.61898
397,59.95,30.3167
398,55.71428,37.56322
399,59.95,30.3167
400,6.46678646,3.49159241
401,5.02733492,7.90466309
402,59.934047,30.30595
403,59.95,30.3167
404,54.82704884,55.042319
405,59.8427,30.3219
406,59.95,30.3167
407,58.86535022,42.61368749
408,59.95,30.3167
409,59.94,30.32861111
410,59.92544,30.29594
411,55.71583333,37.55361111
412,41.691828,-8.83441
413,55.71583333,37.55361111
414,59.95,30.3167
415,59.95,30.3167
416,55.77255,37.61898
417,59.95,30.3167
418,55.71428,37.56322
419,59.95,30.3167
420,6.46678646,3.49159241
421,5.02733492,7.90466309
422,59.934047,30.30595
423,59.95,30.3167
424,54.82704884,55.042319
425,59.8427,30.3219
426,59.95,30.3167
427,58.86535022,42.61368749
428,59.95,30.3167
429,59.94,30.32861111
430,59.92544,30.29594
431,59.95,30.3167
432,55.77255,37.61898
433,59.95,30.3167
434,55.71428,37.56322
435,59.95,30.3167
436,6.46678646,3.49159241
437,5.02733492,7.90466309
438,59.934047,30.30595
439,59.95,30.3167
440,54.82704884,55.042319
441,59.8427,30.3219
442,59.95,30.3167
443,58.86535022,42.61368749
444,59.95,30.3167
445,59.94,30.32861111
446,59.92544,30.29594
447,55.71583333,37.55361111
448,41.691828,-8.83441
449,55.71583333,37.55361111
450,59.95,30.3167
451,55.77255,37.61898
452,59.95,30.3167
453,55.71428,37.56322
454,59.95,30.3167
455,6.46678646,3.49159241
456,5.02733492,7.90466309
457,59.934047,30.30595
458,59.95,30.3167
459,54.82704884,55.042319
460,59.8427,30.3219
461,59.95,30.3167
462,58.86535022,42.61368749
463,59.95,30.3167
464,59.94,30.32861111
465,59.92544,30.29594
466,55.71583333,37.55361111
467,59.95,30.3167
468,55.77255,37.61898
469,59.95,30.3167
470,55.71428,37.56322
471,59.95,30.3167
472,6.46678646,3.49159241
473,5.02733492,7.90466309
474,59.934047,30.30595
475,59.95,30.3167
476,54.82704884,55.042319
477,59.8427,30.3219
478,59.95,30.3167
479,58.86535022,42.61368749
480,59.95,30.3167
481,59.94,30.32861111
482,59.92544,30.29594
483,55.71583333,37.55361111
484,41.691828,-8.83441
485,55.71583333,37.55361111
486,59.95,30.3167
487,59.95,30.3167
488,55.77255,37.61898
489,59.95,30.3167
490,55.71428,37.56322
491,59.95,30.3167
492,6.46678646,3.49159241
493,5.02733492,7.90466309
494,59.934047,30.30595
495,59.95,30.3167
496,54.82704884,55.042319
497,59.8427,30.3219
498,59.95,30.3167
499,58.86535022,42.61368749
500,59.95,30.3167
501,59.94,30.32861111
502,59.92544,30.29594
503,55.71583333,37.55361111
504,41.691828,-8.83441
505,55.71583333,37.55361111
506,59.95,30.3167
507,55.77255,37.61898
508,59.95,30.3167
509,55.71428,37.56322
510,59.95,30.3167
511,6.46678646,3.49159241
512,5.02733492,7.90466309
513,59.934047,30.30595
514,59.95,30.3167
515,54.82704884,55.042319
516,59.8427,30.3219
517,59.95,30.3167
518,58.86535022,42.61368749
519,59.95,30.3167
520,59.94,30.32861111
521,59.92544,30.29594
522,55.71583333,37.55361111
523,41.691828,-8.83441
524,55.71583333,37.55361111
525,59.95,30.3167
526,59.95,30.3167
527,55.77255,37.61898
528,59.95,30.3167
529,55.71428,37.56322
530,59.95,30.3167
531,6.46678646,3.49159241
532,5.02733492,7.90466309
533,59.934047,30.30595
534,59.95,30.3167
535,54.82704884,55.042319
536,59.8427,30.3219
537,59.95,30.3167
538,58.86535022,42.61368749
539,59.95,30.3167
540,59.94,30.32861111
541,59.92544,30.29594
542,55.71583333,37.55361111
543,41.691828,-8.83441
544,55.71583333,37.55361111
545,59.95,30.3167
546,55.77255,37.61898
547,59.95,30.3167
548,55.71428,37.56322
549,59.95,30.3167
550,6.46678646,3.49159241
551,5.02733492,7.90466309
552,59.934047,30.30595
553,59.95,30.3167
554,54.82704884,55.042319
555,59.8427,30.3219
556,59.95,30.3167
557,58.86535022,42.61368749
558,59.95,30.3167
559,59.94,30.32861111
560,59.92544,30.29594
561,55.71583333,37.55361111
562,41.691828,-8.83441
563,55.71583333,37.55361111
564,59.95,30.3167
565,59.95,30.3167
566,55.77255,37.61898
567,59.95,30.3167
568,55.71428,37.56322
569,59.95,30.3167
570,6.46678646,3.49159241
571,5.02733492,7.90466309
572,59.934047,30.30595
573,59.95,30.3167
574,55.77255,37.61898
575,59.95,30.3167
576,55.71428,37.56322
577,59.95,30.3167
578,6.46678646,3.49159241
579,5.02733492,7.90466309
580,59.934047,30.30595
581,59.95,30.3167
582,54.82704884,55.042319
583,59.8427,30.3219
584,59.95,30.3167
585,58.86535022,42.61368749
586,59.95,30.3167
587,59.94,30.32861111
588,59.92544,30.29594
589,55.71583333,37.55361111
590,41.691828,-8.83441
591,55.71583333,37.55361111
592,59.95,30.3167
593,35.0,135.75
594,59.95,30.3167
595,55.77255,37.61898
596,59.95,30.3167
597,55.71428,37.56322
598,59.95,30.3167
599,6.46678646,3.49159241
600,5.02733492,7.90466309
601,59.934047,30.30595
602,59.95,30.3167
603,54.82704884,55.042319
604,59.8427,30.3219
605,59.95,30.3167
606,58.86535022,42.61368749
607,59.95,30.3167
608,59.94,30.32861111
609,59.95,30.3167
610,55.77255,37.61898
611,59.95,30.3167
612,55.71428,37.56322
613,59.95,30.3167
614,6.46678646,3.49159241
615,5.02733492,7.90466309
616,59.934047,30.30595
617,59.95,30.3167
618,54.82704884,55.042319
619,59.8427,30.3219
620,59.95,30.3167
621,58.86535022,42.61368749
622,59.95,30.3167
623,59.94,30.32861111
624,59.92544,30.29594
625,55.71583333,37.55361111
626,41.691828,-8.83441
627,55.71583333,37.55361111
628,59.95,30.3167
629,59.95,30.3167
630,55.77255,37.61898
631,59.95,30.3167
632,55.71428,37.56322
633,59.95,30.3167
634,6.46678646,3.49159241
635,5.02733492,7.90466309
636,59.934047,30.30595
637,59.95,30.3167
638,54.82704884,55.042319
639,59.8427,30.3219
640,59.95,30.3167
641,58.86535022,42.61368749
642,59.95,30.3167
643,59.94,30.32861111
644,59.92544,30.29594
645,55.71583333,37.55361111
646,59.95,30.3167
647,59.95,30.3167
648,55.77255,37.61898
649,59.95,30.3167
650,55.71428,37.56322
651,59.95,30.3167
652,6.46678646,3.49159241
653,5.02733492,7.90466309
654,59.934047,30.30595
655,59.95,30.3167
656,54.82704884,55.042319
657,59.8427,30.3219
658,59.95,30.3167
659,58.86535022,42.61368749
660,59.95,30.3167
661,59.94,30.32861111
662,59.92544,30.29594
663,55.71583333,37.55361111
664,41.691828,-8.83441
665,55.71583333,37.55361111
666,59.95,30.3167
667,35.0,135.75
668,59.941158,30.326188
669,25.8081,-80.3533
670,-2.0053689,30.0892638
671,59.95,30.3167
672,26.27008,-80.25919
673,26.27008,-80.25919
674,5.65638696,-0.15742693
675,-23.08638889,-46.95055556
676,59.9404,30.3139
677,59.95,30.3167
678,55.77255,37.61898
679,59.95,30.3167
680,55.71428,37.56322
681,59.95,30.3167
682,59.95,30.3167
683,55.77255,37.61898
684,59.95,30.3167
685,55.71428,37.56322
686,59.95,30.3167
687,6.46678646,3.49159241
688,5.02733492,7.90466309
689,59.934047,30.30595
690,59.95,30.3167
691,54.82704884,55.042319
692,59.8427,30.3219
693,59.95,30.3167
694,58.86535022,42.61368749
695,59.95,30.3167
696,59.94,30.32861111
697,59.92544,30.29594
698,55.71583333,37.55361111
699,41.691828,-8.83441
700,55.71583333,37.55361111
701,59.95,30.3167
702,35.0,135.75
703,59.95,30.3167
704,55.77255,37.61898
705,59.95,30.3167
706,55.71428,37.56322
707,59.95,30.3167
708,59.95,30.3167
709,55.77255,37.61898
710,59.95,30.3167
711,55.71428,37.56322
712,59.95,30.3167
713,6.46678646,3.49159241
714,5.02733492,7.90466309
715,59.934047,30.30595
716,59.95,30.3167
717,54.82704884,55.042319
718,59.8427,30.3219
719,59.95,30.3167
720,58.86535022,42.61368749
721,59.95,30.3167
722,59.94,30.32861111
723,59.92544,30.29594
724,55.71583333,37.55361111
725,41.691828,-8.83441
726,55.71583333,37.55361111
727,59.95,30.3167
728,59.95,30.3167
729,55.77255,37.61898
730,59.95,30.3167
731,55.71428,37.56322
732,59.95,30.3167
733,6.46678646,3.49159241
734,5.02733492,7.90466309
735,59.934047,30.30595
736,59.95,30.3167
737,54.82704884,55.042319
738,59.8427,30.3219
739,59.95,30.3167
740,58.86535022,42.61368749
741,59.95,30.3167
742,59.94,30.32861111
743,59.95,30.3167
744,55.77255,37.61898
745,59.95,30.3167
746,55.71428,37.56322
747,59.95,30.3167
748,6.46678646,3.49159241
749,5.02733492,7.90466309
750,59.934047,30.30595
751,59.95,30.3167
752,54.82704884,55.042319
753,59.8427,30.3219
754,59.95,30.3167
755,58.86535022,42.61368749
756,59.95,30.3167
757,59.94,30.32861111
758,59.92544,30.29594
759,59.95,30.3167
760,55.77255,37.61898
761,59.95,30.3167
762,55.71428,37.56322
763,59.95,30.3167
764,6.46678646,3.49159241
765,5.02733492,7.90466309
766,59.934047,30.30595
767,59.95,30.3167
768,54.82704884,55.042319
769,59.8427,30.3219
770,59.95,30.3167
771,58.86535022,42.61368749
772,59.95,30.3167
773,59.94,30.32861111
774,59.92544,30.29594
775,55.71583333,37.55361111
776,41.691828,-8.83441
777,55.71583333,37.55361111
778,59.95,30.3167
779,35.0,135.75
780,59.941158,30.326188
781,25.8081,-80.3533
782,-2.0053689,30.0892638
783,59.95,30.3167
784,26.27008,-80.25919
785,26.27008,-80.25919
786,5.65638696,-0.15742693
787,-23.08638889,-46.95055556
788,59.9404,30.3139
789,55.7522,37.6156
790,31.99645402,35.83766078
791,49.574515,10.915582
792,10.2851985,11.1780713
793,55.71813,37.57155
794,55.75583333,37.61777778
795,1.36068237,103.81569702
796,55.71565318,37.55386591
797,59.95,30.3167
798,-7.7659226,110.3825003
799,43.402267,39.956111
800,55.71565318,37.55386591
801,5.0382789,7.91564941
802,53.2768919,-2.8908183
803,59.95,30.3167
804,59.93668731,30.327165
805,26.11945,-80.1348
806,59.95,30.31666667
807,59.93856502,30.31537515
808,39.880452,32.881993
809,55.7522,37.6156
810,59.95,30.3167
811,55.7522,37.6156
812,10.7141781,122.5514351
813,-0.0244,37.9039
814,35.6608336,139.7329239
815,41.49939,-81.70064
816,59.4615,108.8318
817,59.4615,108.8318
818,59.4615,108.8318
819,47.5667,7.6
820,61.52401,105.318756
821,26.2527266,78.1430813
822,59.95,30.31666667
823,19.3158277,84.8527025
824,-7.84682187,110.13265621
825,59.95,30.3167
826,59.95,30.31666667
827,59.93585717,30.35471209
828,4.78857447,7.05322266
829,59.95,30.317
830,55.71583333,37.55361111
831,6.55956752,3.35083008
832,4.76667816,7.07519531
833,9.10616471,7.40478516
834,59.9314819,30.3129195
835,9.10616471,7.3828125
836,51.5103298,-0.1293701
837,55.71573883,37.55386514
838,59.94110535,30.32548428
839,59.94110535,30.32548428
840,59.96009716,30.3211825
841,59.95,30.3167
842,59.94110535,30.32548428
843,59.95,30.3167
844,59.95,30.3167
845,5.0382789,7.92114258
846,59.95,30.3167
847,59.95,30.3167
848,59.95,30.317
849,59.94339,30.306842
850,59.95,30.3167
851,43.69466441,7.25814658
852,59.93922,30.35128
853,55.7522,37.6156
854,38.87360155,-77.37332907
855,59.98169598,30.1991961
856,59.95,30.31666667
857,51.48217862,-0.18016398
858,55.852472,-4.309626
859,59.93284,30.30358
860,43.6541,-79.42319
861,55.53811,37.36294
862,59.95,30.3167
863,59.95,30.3167
864,33.5833,130.4
865,59.93994073,30.32047214
866,55.53811,37.36294
867,59.95000394,30.31668131
868,59.95,30.31666667
869,59.95,30.3167
870,33.89059,-118.1705
871,59.93428,30.335099
872,59.9342802,30.3350986
873,39.96206,-75.14142
874,59.9342802,30.3350986
875,59.9342802,30.3350986
876,59.9342802,30.3350986
877,41.476,-74.0281
878,59.9342802,30.3350986
879,59.9342802,30.3350986
880,59.9342802,30.3350986
881,59.95,30.3167
882,59.95,30.3167
883,59.92803,30.37373
884,59.95,30.3167
885,59.95,30.3167
886,59.9342802,30.3350986
887,59.9342802,30.3350986
888,59.9390557,30.31612768
889,59.95,30.3167
890,59.95,30.3167
891,52.210569,21.021937
892,59.9342802,30.3350986
893,59.95,30.3167
894,59.9342802,30.3350986
895,59.91021283,30.4851199
896,59.95,30.3167
897,59.9342802,30.3350986
898,60.05860361,30.46797185
899,59.93751,30.29022
900,55.7522,37.6156
901,55.7522,37.6156
902,59.94567,30.26498
903,55.7522,37.6156
904,59.95,30.3167
905,55.7522,37.6156
906,55.53811,37.36294
907,59.94099209,30.31358202
908,59.95,30.3167
909,59.96907401,30.31579083
910,59.95,30.3167
911,59.81459415,30.4404782
912,59.95,30.31666667
913,59.93212178,30.23402388
914,59.95,30.3167
915,59.96907401,30.31579083
916,59.95,30.31666667
917,43.402267,39.956111
918,59.95,30.3167
919,59.97301135,30.22032022
920,56.83765,60.59891
921,59.95,30.3167
922,59.96907401,30.31579083
923,33.8197,-84.3281
924,59.96907401,30.31579083
925,59.99291365,30.1538873
926,59.95,30.3167
927,59.96907401,30.31579083
928,59.96907401,30.31579083
929,59.95,30.3167
930,59.95,30.3167
931,59.95,30.3167
932,59.97293924,30.22063694
933,59.95,30.3167
934,55.75583333,37.61777778
935,59.95,30.3167
936,55.75583333,37.61777778
937,59.97293924,30.22063694
938,55.7522,37.6156
939,59.93535471,30.32360673
940,59.95,30.3167
941,59.96907401,30.31579083
942,59.97133,30.22649
943,43.402267,39.956111
944,59.97293924,30.22063694
945,59.95,30.3167
946,59.95,30.3167
947,59.95,30.3167
948,59.94,30.32861111
949,59.95,30.3167
950,59.9251,30.3614
951,59.8683249,30.4640678
952,5.57635019,5.80078125
953,59.94100992,30.41089893
954,59.95,30.3167
955,59.95,30.3167
956,59.97301135,30.22032022
957,59.97293924,30.22063694
958,25.8081,-80.3533
959,59.95,30.3167
960,-26.15971666,27.99121745
961,59.94,30.32861111
962,59.95027778,30.29194444
963,59.97293924,30.22063694
964,59.95,30.3167
965,59.97293924,30.22063694
966,59.84406667,30.32676333
967,59.95,30.3167
968,59.95,30.3167
969,59.95,30.3167
970,59.95,30.3167
971,59.95,30.3167
972,59.97293924,30.22063694
973,59.97293924,30.22063694
974,59.95,30.3167
975,43.402267,39.956111
976,48.1628,11.4471
977,59.8419916,30.346924
978,48.13797595,11.56915959
979,59.95,30.3167
980,59.93233514,30.35495055
981,59.95,30.31666667
982,59.4615,108.8318
983,59.97295278,30.22053333
984,59.92838,30.30052
985,59.97293924,30.22063694
986,59.93668731,30.327165
987,59.9419004,30.37838864
988,59.95,30.3167
989,59.92576389,30.39578889
990,59.95,30.3167
991,59.95,30.3167
992,59.79968443,30.27239799
993,59.98169598,30.1991961
994,59.93235889,30.40325755
995,59.95,30.3167
996,43.402267,39.956111
997,59.94732142,30.33849466
998,4.74478115,7.05322266
999,59.93271,30.2982
1000,59.95,30.31666667
1001,59.95,30.3167
1002,59.4615,108.8318
1003,43.402267,39.956111
1004,59.97301135,30.22032022
1005,43.402267,39.956111
1006,59.95,30.31666667
1007,59.19483563,9.58894206
1008,59.93271,30.2982
1009,59.95,30.3167
1010,59.95,30.3167
1011,59.95,30.3167
1012,43.402267,39.956111
1013,6.4493857,3.3661196
1014,43.402267,39.956111
1015,59.95,30.31666667
1016,59.95,30.3167
1017,59.99849774,30.29961497
1018,59.99849774,30.29961497
1019,54.71192885,20.50872803
1020,55.75,37.61666694
1021,55.75,37.61666694
1022,59.95,30.3167
1023,59.95,30.3167
1024,59.93444444,30.33305556
1025,25.263664,51.448078
1026,55.71565318,37.55386591
1027,59.95,30.3167
1028,55.7522,37.6156
1029,59.9342802,30.3350986
1030,59.9342802,30.3350986
1031,59.9342802,30.3350986
1032,59.9342802,30.3350986
1033,59.9343,30.3245
1034,59.9342802,30.3350986
1035,59.95,30.3167
1036,59.95,30.3167
1037,59.95,30.3167
1038,59.9502,30.3164
1039,59.95,30.3167
1040,59.9342802,30.3350986
1041,59.95,30.3167
1042,59.9342802,30.3350986
1043,59.95,30.3167
1044,59.9342802,30.3350986
1045,59.9342802,30.3350986
1046,59.95,30.3167
1047,59.95,30.3167
1048,59.9342802,30.3350986
1049,55.7522,37.6156
1050,59.95,30.3167
1051,55.818837,49.158497
1052,59.95,30.3167
1053,52.210569,21.021937
1054,59.95,30.31666667
1055,59.95,30.3167
1056,59.9342802,30.3350986
1057,59.95,30.3167
1058,59.95,30.3167
1059,43.402267,39.956111
1060,59.942192,30.279188
1061,59.75963999,30.35215095
1062,59.83747667,30.331355
1063,59.84375167,30.32388167
1064,59.9357753,30.3168982
1065,43.402267,39.956111
1066,55.81769,37.44055
1067,55.818837,49.158497
1068,55.818837,49.158497
1069,60.05,30.3167
1070,59.95,30.31666667
1071,59.95,30.3167
1072,6.4833947,3.75301
1073,59.95,30.31666667
1074,55.81769,37.44055
1075,59.95,30.3167
1076,59.97293924,30.22063694
1077,59.95,30.31666667
1078,59.95,30.3167
1079,46.93971485,7.45147705
1080,55.81769,37.44055
1081,59.72955474,29.951656
1082,59.95,30.3167
1083,59.95,30.3167
1084,59.95,30.3167
1085,54.71666667,20.5
1086,55.71161731,37.54392904
1087,59.96049,30.28651
1088,52.210569,21.021937
1089,55.818837,49.158497
1090,60.0774522,30.3359513
1091,59.95,30.31666667
1092,59.4615,108.8318
1093,59.95,30.31666667
1094,43.402267,39.956111
1095,59.95036878,30.31591415
1096,59.92566254,30.29449459
1097,59.95,30.3167
1098,59.88497219,29.90902415
1099,59.88497219,29.90902415
1100,55.81769,37.44055
1101,54.71666667,20.5
1102,55.03820278,82.92501944
1103,55.03820278,82.92501944
1104,59.95,30.3167
1105,59.95,30.3167
1106,59.95,30.31666667
1107,59.79968443,30.27239799
1108,59.95,30.31666667
1109,59.95,30.31666667
1110,59.95,30.31666667
1111,59.95,30.31666667
1112,59.95,30.31666667
1113,59.95,30.31666667
1114,50.941047,6.94186126
1115,55.852472,-4.309626
1116,52.210569,21.021937
1117,59.95,30.3167
1118,59.93333333,30.34333333
1119,59.95,30.3167
1120,55.75697,37.61502
1121,5.0382789,7.91564941
1122,55.818837,49.158497
1123,60.01352907,30.31177309
1124,59.97293924,30.22063694
1125,59.88497219,29.90902415
1126,59.95,30.3167
1127,59.9348,30.34761
1128,59.97178056,30.25944167
1129,59.95,30.3167
1130,55.70662,37.53745
1131,59.95,30.3167
1132,54.71666667,20.5
1133,55.75697,37.61502
1134,59.95,30.3167
1135,59.87,30.37972222
1136,59.92678,30.3685
1137,54.71666667,20.5
1138,54.71666667,20.5
1139,59.95,30.3167
1140,59.94110535,30.32548428
1141,59.95,30.3167
1142,59.95,30.3167
1143,-22.7403,-47.3344
1144,59.871748,30.156542
1145,59.93428,30.335099
1146,59.859511,30.15636
1147,59.95,30.3167
1148,47.51944176,8.53826737
1149,50.95,6.9667
1150,54.71666667,20.5
1151,54.71666667,20.5
1152,59.92618387,30.27312756
1153,54.71666667,20.5
1154,54.71666667,20.5
1155,59.95,30.3167
1156,59.8075,30.60416667
1157,59.89839332,30.51330487
1158,59.92838,30.30052
1159,59.94110535,30.32548428
1160,59.8075,30.60416667
1161,59.8075,30.60416667
1162,59.858415,30.1968
1163,55.75697,37.61502
1164,59.9409721,30.32587943
1165,59.9423714,30.3773269
1166,59.95,30.31666667
1167,55.82018,37.83467
1168,55.7522,37.6156
1169,55.7522,37.6156
1170,59.95,30.3167
1171,59.95198,30.349406
1172,59.94111111,30.308475
1173,56.00019434,37.24294416
1174,59.9342802,30.3350986
1175,59.79968443,30.27239799
1176,59.9342802,30.3350986
1177,59.9342802,30.3350986
1178,59.95,30.3167
1179,59.9342802,30.3350986
1180,59.9342802,30.3350986
1181,59.9342802,30.3350986
1182,34.07134,-118.35687
1183,59.7333,30.6
1184,59.95,30.31666667
1185,59.9342802,30.3350986
1186,59.93231658,30.32677907
1187,59.95,30.3167
1188,59.94090189,30.31447725
1189,59.9342802,30.3350986
1190,59.95,30.3167
1191,55.852472,-4.309626
1192,59.9343,30.3245
1193,59.94875278,30.32740556
1194,60.195,29.6944
1195,59.95,30.3167
1196,59.76286278,30.35875961
1197,59.95,30.3167
1198,59.86867668,30.31648632
1199,55.71565318,37.55386591
1200,59.9381,30.3172
1201,59.95,30.3167
1202,59.95,30.3167
1203,59.88497219,29.90902415
1204,59.95,30.3167
1205,59.8692705,30.4598099
1206,59.95,30.3167
1207,59.95000394,30.31668131
1208,59.95,30.3167
1209,25.8081,-80.3533
1210,59.95,30.3167
1211,55.75697,37.61502
1212,53.1918,50.19092
1213,59.95,30.3167
1214,59.4615,108.8318
1215,59.95,30.3167
1216,59.94110535,30.32548428
1217,59.97044,30.33754
1218,59.95,30.31666667
1219,59.95,30.3167
1220,-19.7333,-47.9167
1221,-19.7333,-47.9167
1222,55.75697,37.61502
1223,59.95,30.3167
1224,59.4615,108.8318
1225,51.1776,6.4422
1226,59.95,30.3167
1227,55.7157133,37.5537117
1228,53.55069805,9.96398367
1229,59.8651,30.33547
1230,59.93444444,30.33305556
1231,59.95,30.3167
1232,48.15,11.5833
1233,-1.9400857,30.1306014
1234,-1.9400857,30.1306014
1235,55.75697,37.61502
1236,47.5667,7.6
1237,47.5667,7.6
1238,59.95,30.31666667
1239,59.94875278,30.32740556
1240,52.210569,21.021937
1241,59.90843343,30.21456844
1242,47.5667,7.6
1243,-13.0068374,28.6135337
1244,59.94110535,30.32548428
1245,59.92930124,30.2882641
1246,60.16278662,29.85579975
1247,59.79968443,30.27239799
1248,59.95,30.3167
1249,55.7184026,37.5587516
1250,59.95,30.3167
1251,59.95,30.3167
1252,6.51590798,3.37280273
1253,60.0201,30.2554
1254,59.94567,30.26498
1255,59.9340123,30.32269014
1256,59.95,30.3167
1257,59.95,30.3167
1258,54.48714694,9.8336529
1259,47.20833333,39.74166667
1260,59.90914501,30.33967779
1261,59.935,30.32833333
1262,59.95,30.3167
1263,59.95,30.3167
1264,55.71583333,37.55361111
1265,55.852472,-4.309626
1266,59.7333,30.3333
1267,59.95,30.3167
1268,24.3667,88.6
1269,59.95,30.3167
1270,59.9342802,30.3350986
1271,59.929,30.29
1272,59.9342802,30.3350986
1273,59.9342802,30.3350986
1274,59.9342802,30.3350986
1275,59.93542,30.34026
1276,-0.0244,37.9039
1277,59.93333333,30.35
1278,59.95,30.3167
1279,53.1923,50.1248
1280,59.95565486,30.32164335
1281,59.9342802,30.3350986
1282,59.9342802,30.3350986
1283,59.84255,30.31827
1284,59.9936,29.7736
1285,47.20833333,39.74166667
1286,59.9342802,30.3350986
1287,59.9342802,30.3350986
1288,59.9342802,30.3350986
1289,59.95800548,30.34320798
1290,59.97178056,30.25944167
1291,59.97178816,30.25943695
1292,59.89096606,30.3174438
1293,59.95,30.3167
1294,59.9342802,30.3350986
1295,60.05827814,30.46833185
1296,59.88497219,29.90902415
1297,59.95,30.3167
1298,59.95,30.31666667
1299,59.98431181,30.20702701
1300,59.95,30.31666667
1301,59.95,30.3167
1302,59.95,30.3167
1303,59.9358406,30.3253593
1304,59.95,30.3167
1305,59.86395,30.32136
1306,59.98169598,30.1991961
1307,59.79972892,30.27339142
1308,9.06277062,7.40478516
1309,59.95,30.3167
1310,48.7346,44.5481
1311,59.95,30.3167
1312,59.95,30.3167
1313,59.95,30.3167
1314,59.8494,30.14207
1315,59.97301135,30.22032022
1316,59.93231658,30.32677907
1317,55.852472,-4.309626
1318,59.9251,30.3614
1319,59.95,30.3167
1320,59.95,30.3167
1321,59.95,30.3167
1322,59.934047,30.30595
1323,59.95,30.3167
1324,59.95,30.3167
1325,59.95,30.3167
1326,59.95,30.3167
1327,59.95,30.3167
1328,59.95,30.3167
1329,43.402267,39.956111
1330,59.95,30.31666667
1331,59.95,30.31666667
1332,59.93428,30.335099
1333,59.95,30.3167
1334,60.55,29.33333333
1335,59.93418,30.33808
1336,59.95,30.3167
1337,43.402267,39.956111
1338,59.79968443,30.27239799
1339,59.95,30.3167
1340,59.97293924,30.22063694
1341,59.94879093,30.35619969
1342,59.95,30.31666667
1343,59.95,30.3167
1344,59.76286278,30.35875961
1345,59.76286278,30.35875961
1346,59.991185,30.2382
1347,59.9251,30.3614
1348,59.931046,30.360478
1349,59.95,30.31666667
1350,59.931046,30.360478
1351,59.95,30.31666667
1352,43.402267,39.956111
1353,55.7522,37.6156
1354,59.97301135,30.22032022
1355,59.931046,30.360478
1356,59.9134594,30.3205414
1357,59.79814,30.26825
1358,59.93231658,30.32677907
1359,59.97301135,30.22032022
1360,59.84725,30.33147167
1361,59.931046,30.360478
1362,59.85869,30.3204
1363,59.93093155,30.29984997
1364,59.931046,30.360478
1365,59.931046,30.360478
1366,59.95,30.31666667
1367,59.93177501,30.3363139
1368,43.402267,39.956111
1369,59.931046,30.360478
1370,59.931046,30.360478
1371,59.931046,30.360478
1372,43.40208545,39.95577335
1373,59.931046,30.360478
1374,59.931046,30.360478
1375,59.9342802,30.3350986
1376,59.94,30.32861111
1377,59.94,30.32861111
1378,59.9342802,30.3350986
1379,55.75697,37.61502
1380,59.931046,30.360478
1381,59.9342802,30.3350986
1382,59.9342802,30.3350986
1383,59.93241589,30.30375201
1384,59.9342802,30.3350986
1385,59.9342802,30.3350986
1386,59.89096606,30.3174438
1387,59.9342802,30.3350986
1388,59.90879041,30.29696978
1389,59.9342802,30.3350986
1390,59.931046,30.360478
1391,59.921891,30.353911
1392,59.95,30.31666667
1393,59.931046,30.360478
1394,59.88497219,29.90902415
1395,54.69891187,20.53347142
1396,59.9342802,30.3350986
1397,59.931046,30.360478
1398,59.94226,30.35963
1399,59.931046,30.360478
1400,59.95,30.3167
1401,59.95614722,30.31875278
1402,59.88514243,29.90911211
1403,43.40208545,39.95577335
1404,59.4615,108.8318
1405,59.79968443,30.27239799
1406,59.931046,30.360478
1407,59.931046,30.360478
1408,59.931046,30.360478
1409,59.94416,30.32198
1410,59.931046,30.360478
1411,59.93241589,30.30375201
1412,59.931046,30.360478
1413,59.9324,30.3038
1414,59.95,30.31666667
1415,59.93371167,30.314255
1416,59.931046,30.360478
1417,59.931046,30.360478
1418,59.93428,30.335099
1419,59.94,10.77
1420,59.931046,30.360478
1421,59.931046,30.360478
1422,59.931046,30.360478
1423,59.931046,30.360478
1424,59.931046,30.360478
1425,59.94106964,30.31482706
1426,59.93808,30.32277
1427,59.931046,30.360478
1428,59.94721208,30.6175333
1429,59.95,30.3
1430,59.92339,30.34184
1431,59.97293924,30.22063694
1432,59.94106964,30.31482706
1433,59.931046,30.360478
1434,59.95,30.31666667
1435,59.97133,30.22649
1436,59.931046,30.360478
1437,59.931046,30.360478
1438,59.931046,30.360478
1439,59.95,30.31666667
1440,59.931046,30.360478
1441,59.93333333,30.33333333
1442,59.9502,30.3164
1443,59.94110535,30.32548428
1444,59.95,30.31666667
1445,25.8081,-80.3533
1446,59.931046,30.360478
1447,59.8683526,30.4631391
1448,59.97301135,30.22032022
1449,59.95,30.3167
1450,59.92992883,30.3234799
1451,59.931046,30.360478
1452,-0.0244,37.9039
1453,59.95407344,30.22574212
1454,59.931046,30.360478
1455,59.94100992,30.41089893
1456,59.97293924,30.22063694
1457,59.97293924,30.22063694
1458,59.97293924,30.22063694
1459,59.931046,30.360478
1460,59.97293924,30.22063694
1461,59.4615,108.8318
1462,59.93271,30.2982
1463,59.97293924,30.22063694
1464,59.97293924,30.22063694
1465,59.97301135,30.22032022
1466,59.97301135,30.22032022
1467,59.9727284,30.2214321
1468,59.931046,30.360478
1469,59.95,30.31666667
1470,59.95,30.3167
1471,59.97301135,30.22032022
1472,59.931046,30.360478
1473,-0.0244,37.9039
1474,59.9720899,30.2211879
1475,24.3667,88.6
1476,42.57181899,1.48439689
1477,55.70733636,37.53908157
1478,59.931046,30.360478
1479,59.973,30.2206
1480,59.931046,30.360478
1481,59.931046,30.360478
1482,59.94204,30.34478
1483,59.93447,30.24961
1484,55.75697,37.61502
1485,59.95,30.3167
1486,59.93583,30.35265
1487,59.95,30.31666667
1488,60.07804041,30.02524392
1489,55.75697,37.61502
1490,59.931046,30.360478
1491,52.210569,21.021937
1492,55.7522,37.6156
1493,59.931046,30.360478
1494,59.931046,30.360478
1495,59.94106964,30.31482706
1496,59.97293924,30.22063694
1497,59.931046,30.360478
1498,59.95,30.3167
1499,59.95,30.3167
1500,59.93238,30.35227
1501,59.97301135,30.22032022
1502,59.97301135,30.22032022
1503,59.931046,30.360478
1504,59.97301135,30.22032022
1505,59.95,30.31666667
1506,59.97301135,30.22032022
1507,-0.0244,37.9039
1508,55.70733636,37.53908157
1509,55.75726111,37.62268333
1510,59.931046,30.360478
1511,59.931046,30.360478
1512,59.85063,30.32606
1513,59.9342802,30.3350986
1514,59.95,30.3167
1515,59.9342802,30.3350986
1516,59.9342802,30.3350986
1517,59.9342802,30.3350986
1518,59.9341,30.3062
1519,59.931046,30.360478
1520,59.93975942,30.32259291
1521,59.9342802,30.3350986
1522,59.9342802,30.3350986
1523,55.75726111,37.62268333
1524,59.79968443,30.27239799
1525,59.79968443,30.27239799
1526,59.9342802,30.3350986
1527,59.91649,30.30589
1528,59.931046,30.360478
1529,59.931046,30.360478
1530,60.16278662,29.85579975
1531,59.9342802,30.3350986
1532,59.9342802,30.3350986
1533,59.72229515,30.40437765
1534,59.97293924,30.22063694
1535,59.991185,30.2382
1536,59.95,30.31666667
1537,59.9342802,30.3350986
1538,59.93238,30.35227
1539,59.93447,30.24961
1540,59.9342802,30.3350986
1541,59.931046,30.360478
1542,59.93,30.31
1543,-6.7292569,39.2323448
1544,-6.7292569,39.2323448
1545,-6.7292569,39.2323448
1546,59.94110535,30.32548428
1547,59.931046,30.360478
1548,59.94110535,30.32548428
1549,59.931046,30.360478
1550,59.931046,30.360478
1551,59.94106964,30.31482706
1552,59.93428,30.335099
1553,59.94110535,30.32548428
1554,59.931046,30.360478
1555,59.95,30.31666667
1556,59.931046,30.360478
1557,55.71573883,37.55386514
1558,59.95,30.31666667
1559,59.931046,30.360478
1560,59.94106964,30.31482706
1561,59.931046,30.360478
1562,59.95,30.31666667
1563,59.9341,30.3062
1564,59.88508354,29.90849325
1565,59.9729431,30.22061028
1566,59.967227,30.340128
1567,59.931046,30.360478
1568,59.97178056,30.25944167
1569,59.931046,30.360478
1570,59.94110535,30.32548428
1571,59.93614,30.34764
1572,59.94141439,30.35017799
1573,59.9385,30.33099
1574,59.95,30.31666667
1575,59.9333,30.3001
1576,59.931046,30.360478
1577,59.93893246,30.34849433
1578,6.42717,3.4202
1579,59.931046,30.360478
1580,59.93318,30.30605
1581,59.94110535,30.32548428
1582,59.874627,30.336389
1583,59.931046,30.360478
1584,59.93156111,30.36056667
1585,52.210569,21.021937
1586,59.93241589,30.30375201
1587,55.818837,49.158497
1588,59.93,30.36
1589,59.82499997,30.20277464
1590,59.92992883,30.3234799
1591,59.95,30.3167
1592,55.7184026,37.5587516
1593,59.931046,30.360478
1594,42.0577933,-87.75475838
1595,55.818837,49.158497
1596,59.931046,30.360478
1597,59.97293924,30.22063694
1598,59.95,30.31666667
1599,59.94444444,30.26666667
1600,59.93284,30.30358
1601,59.931046,30.360478
1602,59.931046,30.360478
1603,59.9282,30.3484
1604,55.71583333,37.55361111
1605,59.93909,30.31802
1606,55.75697,37.61502
1607,59.91446231,30.29636498
1608,59.98169598,30.1991961
1609,59.931046,30.360478
1610,59.95,30.31666667
1611,5.02083685,7.91290283
1612,5.04819671,7.90740967
1613,6.49407679,3.35083008
1614,4.74478115,7.05322266
1615,-3.99436661,39.73380486
1616,59.931046,30.360478
1617,59.9409721,30.32587943
1618,59.931046,30.360478
1619,59.95,30.31666667
1620,5.06016629,7.91564941
1621,59.94110535,30.32548428
1622,55.75697,37.61502
1623,59.931046,30.360478
1624,59.931046,30.360478
1625,59.931046,30.360478
1626,59.931046,30.360478
1627,59.98169598,30.1991961
1628,59.93231658,30.32677907
1629,59.91465,30.29676
1630,59.94567,30.26498
1631,59.931046,30.360478
1632,59.931046,30.360478
1633,59.931046,30.360478
1634,59.93977,30.32765
1635,59.95,30.31666667
1636,59.95,30.31666667
1637,59.95,30.31666667
1638,59.931046,30.360478
1639,59.95,30.31666667
1640,59.9244,30.3117
1641,59.94110535,30.32548428
1642,59.931046,30.360478
1643,59.9244,30.3117
1644,59.931046,30.360478
1645,60.06549555,30.3451636
1646,60.06549555,30.3451636
1647,60.06549555,30.3451636
1648,59.93223362,30.32691792
1649,62.2395222,25.7570907
1650,59.94106964,30.31482706
1651,59.931046,30.360478
1652,54.1828,45.2014
1653,59.95,30.31666667
1654,59.931046,30.360478
1655,59.9342802,30.3350986
1656,59.95,30.317
1657,59.9342802,30.3350986
1658,59.931046,30.360478
1659,59.9342802,30.3350986
1660,59.9342802,30.3350986
1661,59.84144,30.324155
1662,59.9342802,30.3350986
1663,59.8817672,30.50169725
1664,59.942192,30.279188
1665,30.26603,-97.74023
1666,59.9342802,30.3350986
1667,44.8206,20.4622
1668,59.95,30.3167
1669,59.94,30.32861111
1670,59.95,30.3167
1671,59.9342802,30.3350986
1672,59.98169598,30.1991961
1673,59.98169598,30.1991961
1674,59.98169598,30.1991961
1675,59.94147078,30.34906626
1676,59.98169598,30.1991961
1677,35.64715079,139.69711843
1678,59.94147078,30.34906626
1679,59.9342802,30.3350986
1680,59.93428,30.335099
1681,59.931046,30.360478
1682,55.70733636,37.53908157
1683,59.931046,30.360478
1684,35.6608336,139.7329239
1685,59.931046,30.360478
1686,59.931046,30.360478
1687,59.931046,30.360478
1688,59.9936,29.7736
1689,59.931046,30.360478
1690,55.75697,37.61502
1691,59.95,30.31666667
1692,59.931046,30.360478
1693,59.87932014,29.9121738
1694,59.94110535,30.32548428
1695,59.94106964,30.31482706
1696,59.800155,30.26454167
1697,60.16278662,29.85579975
1698,59.931046,30.360478
1699,59.9524,30.3086
1700,59.9381,30.347
1701,59.931046,30.360478
1702,59.931046,30.360478
1703,59.931046,30.360478
1704,59.96295983,30.45640921
1705,59.9113,30.2672
1706,59.93238,30.35227
1707,59.9381,30.347
1708,59.94666667,30.19222222
1709,48.7823,9.1739
1710,59.88514243,29.90911211
1711,59.9404,30.3139
1712,59.9362602,30.3546505
1713,59.931046,30.360478
1714,59.931046,30.360478
1715,59.87932014,29.9121738
1716,59.94732142,30.33849466
1717,59.9251,30.3614
1718,59.95,30.31666667
1719,59.94,30.32861111
1720,59.931046,30.360478
1721,59.931046,30.360478
1722,59.94462353,30.29387934
1723,59.931046,30.360478
1724,59.95,30.31666667
1725,59.95,30.31666667
1726,59.94106964,30.31482706
1727,59.9282,30.3484
1728,55.75697,37.61502
1729,59.94106964,30.31482706
1730,59.9395284,30.3283805
1731,59.94,30.32861111
1732,59.94429,30.33359
1733,59.95,30.31666667
1734,59.92332351,30.33623457
1735,55.75697,37.61502
1736,25.8081,-80.3533
1737,59.95,30.31666667
1738,59.931046,30.360478
1739,-6.7292569,39.2323448
1740,59.993944,30.34150243
1741,59.94429,30.33359
1742,59.92678,30.3685
1743,59.93614,30.34764
1744,59.931046,30.360478
1745,59.9696312,30.3182201
1746,59.931046,30.360478
1747,59.8664406,30.46629
1748,52.40081174,-1.9429688
1749,59.95,30.31666667
1750,59.95,30.31666667
1751,56.83253733,60.57352307
1752,-1.9405967,30.1316842
1753,59.9136,30.3201331
1754,59.931046,30.360478
1755,59.94106964,30.31482706
1756,59.95,30.31666667
1757,59.94106964,30.31482706
1758,59.931046,30.360478
1759,59.931046,30.360478
1760,59.94110535,30.32548428
1761,59.94110535,30.32548428
1762,59.94110535,30.32548428
1763,59.9696312,30.3182201
1764,0.4,37.85
1765,55.75697,37.61502
1766,59.95036878,30.31591415
1767,59.933,30.333
1768,55.852472,-4.309626
1769,59.931046,30.360478
1770,59.93333333,30.33333333
1771,59.931046,30.360478
1772,59.4615,108.8318
1773,25.0458,121.5339
1774,59.9342802,30.3350986
1775,24.3667,88.6
1776,59.931046,30.360478
1777,-7.25980359,112.74022496
1778,59.9342802,30.3350986
1779,59.94,30.32861111
1780,24.3667,88.6
1781,59.9653,30.3155
1782,59.9342802,30.3350986
1783,59.921891,30.353911
1784,59.99291365,30.1538873
1785,56.321667,44.074722
1786,56.321667,44.074722
1787,59.93333333,30.33333333
1788,59.92775,30.34999
1789,59.9342802,30.3350986
1790,59.931046,30.360478
1791,59.9342802,30.3350986
1792,59.93428,30.335099
1793,53.19532346,50.1028035
1794,59.93509672,30.30765295
1795,59.94106964,30.31482706
1796,48.7346,44.5481
1797,59.93409916,30.3061256
1798,59.96637778,30.31155556
1799,59.9342802,30.3350986
1800,59.84267333,30.323295
1801,59.958192,30.31709
1802,56.83253733,60.57352307
1803,59.95,30.31666667
1804,59.95,30.31666667
1805,59.9342802,30.3350986
1806,55.75697,37.61502
1807,56.321667,44.074722
1808,59.94110535,30.32548428
1809,59.95,30.31666667
1810,59.8075,30.60416667
1811,55.70733636,37.53908157
1812,59.9342802,30.3350986
1813,59.9342802,30.3350986
1814,59.95,30.31666667
1815,59.931046,30.360478
1816,59.9341,30.3062
1817,59.95,30.31666667
1818,59.93241589,30.30375201
1819,24.3667,88.6
1820,59.931046,30.360478
1821,59.95195762,30.29772825
1822,-6.19273,106.82253
1823,59.931046,30.360478
1824,39.1667,-3.01667
1825,59.93195,30.35133
1826,59.931046,30.360478
1827,59.97293924,30.22063694
1828,59.95,30.31666667
1829,59.97293924,30.22063694
1830,59.94106964,30.31482706
1831,59.931046,30.360478
1832,59.931046,30.360478
1833,59.95,30.31666667
1834,59.95,30.3167
1835,59.97293924,30.22063694
1836,59.931046,30.360478
1837,59.95,30.31666667
1838,59.95,30.3167
1839,56.83253733,60.57352307
1840,59.94106964,30.31482706
1841,59.931046,30.360478
1842,59.88497219,29.90902415
1843,24.3667,88.6
1844,52.10108,9.356
1845,59.97133,30.22649
1846,59.97293924,30.22063694
1847,59.931046,30.360478
1848,24.3667,88.6
1849,55.75697,37.61502
1850,59.931046,30.360478
1851,59.97293924,30.22063694
1852,59.9342802,30.3350986
1853,55.81769,37.44055
1854,59.931046,30.360478
1855,59.97293924,30.22063694
1856,41.476,-74.0281
1857,47.23333333,39.71666667
1858,48.7346,44.5481
1859,48.70892,44.51896
1860,59.95,30.31666667
1861,59.931046,30.360478
1862,59.93318,30.30605
1863,59.95800548,30.34320798
1864,59.97293924,30.22063694
1865,48.7346,44.5481
1866,62.10216383,7.20535
1867,55.75416667,37.62
1868,55.6641708,37.76114968
1869,24.3667,88.6
1870,59.9362,30.3094
1871,24.3667,88.6
1872,59.97293924,30.22063694
1873,59.95,30.31666667
1874,24.3667,88.6
1875,59.931046,30.360478
1876,59.931046,30.360478
1877,59.95,30.3167
1878,-6.7809,-79.8421
1879,59.931046,30.360478
1880,59.95,30.31666667
1881,47.37708,8.53956
1882,59.97293924,30.22063694
1883,6.68426333,3.21427
1884,59.97295278,30.22053333
1885,59.931046,30.360478
1886,56.33732116,43.96284493
1887,59.97293924,30.22063694
1888,55.71583333,37.55361111
1889,59.931046,30.360478
1890,48.7346,44.5481
1891,48.7346,44.5481
1892,59.97293924,30.22063694
1893,24.3667,88.6
1894,48.7346,44.5481
1895,48.7346,44.5481
1896,47.20833333,39.74166667
1897,24.3667,88.6
1898,24.3667,88.6
1899,59.94106964,30.31482706
1900,59.97293924,30.22063694
1901,59.931046,30.360478
1902,48.70892,44.51896
1903,55.75697,37.61502
1904,59.931046,30.360478
1905,6.43319309,3.43694124
1906,6.68426333,3.21427
1907,48.7346,44.5481
1908,59.93443222,30.33264652
1909,59.97133,30.22649
1910,6.59003451,3.34255483
1911,59.931046,30.360478
1912,59.923934,30.296961
1913,59.97293924,30.22063694
1914,55.75697,37.61502
1915,59.97293924,30.22063694
1916,59.9251,30.3614
1917,56.33732116,43.96284493
1918,48.1667,8.61667
1919,55.71573883,37.55386514
1920,59.95,30.3167
1921,56.83253733,60.57352307
1922,59.95,30.3167
1923,56.83765,60.59891
1924,59.931046,30.360478
1925,56.83765,60.59891
1926,56.83765,60.59891
1927,59.97293924,30.22063694
1928,59.95,30.3167
1929,48.7346,44.5481
1930,59.92714433,30.32273732
1931,59.95,30.31666667
1932,59.94106964,30.31482706
1933,59.95,30.3167
1934,59.95,30.3167
1935,59.97301135,30.22032022
1936,59.94,30.32861111
1937,54.69891187,20.53347142
1938,6.46678646,3.49159241
1939,59.97293924,30.22063694
1940,55.75697,37.61502
1941,43.40208545,39.95577335
1942,59.97293924,30.22063694
1943,55.75697,37.61502
1944,59.97293924,30.22063694
1945,59.97293924,30.22063694
1946,59.97293924,30.22063694
1947,59.95,30.31666667
1948,59.97293924,30.22063694
1949,59.95,30.31666667
1950,59.931046,30.360478
1951,59.95,30.31666667
1952,59.931046,30.360478
1953,59.931046,30.360478
1954,59.95,30.31666667
1955,59.931046,30.360478
1956,48.734444,44.548333
1957,59.97293924,30.22063694
1958,59.94,30.32861111
1959,59.95,30.31666667
1960,59.9312,30.366
1961,59.95,30.3167
1962,59.95,30.3167
1963,59.94,30.32861111
1964,55.75697,37.61502
1965,60.0,30.0167
1966,59.9251,30.3614
1967,59.931046,30.360478
1968,59.9341,30.3062
1969,60.021,30.2647
1970,55.6641708,37.76114968
1971,59.931046,30.360478
1972,59.94110535,30.32548428
1973,55.75697,37.61502
1974,59.931046,30.360478
1975,59.931046,30.360478
1976,59.931046,30.360478
1977,59.931046,30.360478
1978,59.931046,30.360478
1979,46.798562,8.231973
1980,59.96458084,30.30370612
1981,59.95,30.31666667
1982,59.931046,30.360478
1983,55.81769,37.44055
1984,59.9395284,30.3283805
1985,59.89839332,30.51330487
1986,59.931046,30.360478
1987,59.93414534,30.3263104
1988,43.5853,39.7203
1989,59.931046,30.360478
1990,55.71583333,37.55361111
1991,59.95,30.31666667
1992,54.71666667,20.5
1993,59.931046,30.360478
1994,59.93253815,30.32634258
1995,59.95,30.31666667
1996,59.931046,30.360478
1997,59.95,30.31666667
1998,59.95,30.31666667
1999,59.97293924,30.22063694
2000,47.3846,8.5316
2001,59.931046,30.360478
2002,59.931046,30.360478
2003,59.95,30.31666667
2004,59.931046,30.360478
2005,59.95,30.3167
2006,59.95,30.3167
2007,59.931046,30.360478
2008,59.9342802,30.3350986
2009,59.79968443,30.27239799
2010,59.95,30.3167
2011,52.2789,8.0431
2012,59.79979236,30.27277824
2013,59.79976426,30.27364476
2014,52.2789,8.0431
2015,59.9342802,30.3350986
2016,59.7981,30.2682
2017,59.93428,30.335099
2018,59.94567,30.26498
2019,59.93371,30.3446
2020,59.9342802,30.3350986
2021,59.9342802,30.3350986
2022,59.931046,30.360478
2023,59.97293924,30.22063694
2024,59.97293924,30.22063694
2025,59.97293924,30.22063694
2026,59.97293924,30.22063694
2027,59.931046,30.360478
2028,59.931046,30.360478
2029,59.79737816,30.26769356
2030,59.95,30.3167
2031,59.95,30.31666667
2032,59.9342802,30.3350986
2033,59.9342802,30.3350986
2034,59.9342802,30.3350986
2035,59.931046,30.360478
2036,59.9342802,30.3350986
2037,59.9304967,30.31905386
2038,60.05854511,30.46959911
2039,55.85064987,37.57324219
2040,59.931046,30.360478
2041,59.9342802,30.3350986
2042,42.5355,-83.1511
2043,55.85064987,37.57324219
2044,59.9342802,30.3350986
2045,59.94418,30.35849
2046,59.931046,30.360478
2047,59.71583333,30.39555556
2048,59.93902778,30.31577778
2049,59.9342802,30.3350986
2050,59.931046,30.360478
2051,59.9342802,30.3350986
2052,59.931046,30.360478
2053,60.16278662,29.85579975
2054,43.40200356,39.95575496
2055,59.931046,30.360478
2056,59.97293924,30.22063694
2057,-6.19273,106.82253
2058,59.9342802,30.3350986
2059,47.23333333,39.71666667
2060,59.860297,30.471759
2061,59.931046,30.360478
2062,60.1547,30.5253
2063,55.75697,37.61502
2064,59.84255,30.31827
2065,24.3667,88.6
2066,39.1667,-3.01667
2067,59.931046,30.360478
2068,59.931046,30.360478
2069,59.97301135,30.22032022
2070,59.95,30.3167
2071,59.97,30.26
2072,49.7,7.3
2073,59.79968443,30.27239799
2074,60.1547,30.5253
2075,55.75,37.61666694
2076,65.94647178,71.015625
2077,55.81769,37.44055
2078,60.1547,30.5253
2079,59.9423714,30.3773269
2080,56.5,84.9667
2081,60.16278662,29.85579975
2082,55.85064987,37.57324219
2083,59.66183664,29.40544628
2084,51.528332,-0.1272726
2085,55.82018,37.83467
2086,6.53751164,3.27825814
2087,55.81769,37.44055
2088,59.94,30.32861111
2089,47.20833333,39.74166667
2090,47.20833333,39.74166667
2091,59.94875278,30.32740556
2092,55.81769,37.44055
2093,59.94106964,30.31482706
2094,59.931046,30.360478
2095,47.20833333,39.74166667
2096,-6.91278,107.606
2097,51.0,10.0
2098,59.931046,30.360478
2099,59.931046,30.360478
2100,59.79976426,30.27364476
2101,47.23333333,39.71666667
2102,47.20833333,39.74166667
2103,25.8081,-80.3533
2104,24.7317276,90.4108981
2105,59.95,30.31666667
2106,55.81769,37.44055
2107,59.94106964,30.31482706
2108,60.0404798,30.3464794
2109,59.94106964,30.31482706
2110,59.93222222,30.325
2111,59.84255,30.31827
2112,59.9304967,30.31905386
2113,59.94106964,30.31482706
2114,55.7522,37.6156
2115,55.81769,37.44055
2116,59.931046,30.360478
2117,59.931046,30.360478
2118,55.75697,37.61502
2119,59.95475242,30.37301302
2120,55.81769,37.44055
2121,59.931046,30.360478
2122,55.81769,37.44055
2123,33.76948821,-118.19247388
2124,59.931046,30.360478
2125,56.3274219,44.0021579
2126,59.99922167,30.35570167
2127,55.70733636,37.53908157
2128,29.34940409,-98.54015825
2129,59.931046,30.360478
2130,59.94106964,30.31482706
2131,55.81769,37.44055
2132,59.94106964,30.31482706
2133,59.91348258,30.32047611
2134,59.94,30.32861111
2135,59.91123229,30.2673079
2136,59.94106964,30.31482706
2137,59.931046,30.360478
2138,59.94106964,30.31482706
2139,59.91137362,30.26728897
2140,59.91182659,30.26720968
2141,59.91109445,30.26697068
2142,59.931046,30.360478
2143,55.82018,37.83467
2144,59.931046,30.360478
2145,55.82018,37.83467
2146,55.85064987,37.57324219
2147,50.41412928,7.46318362
2148,59.93602835,30.35115192
2149,43.40200356,39.95575496
2150,55.75,37.61666694
2151,59.95,30.317
2152,59.91134773,30.26744602
2153,55.85064987,37.57324219
2154,59.85239,30.465078
2155,55.70733636,37.53908157
2156,59.931046,30.360478
2157,59.9341,30.3062
2158,43.40200356,39.95575496
2159,43.40200356,39.95575496
2160,59.98169598,30.1991961
2161,54.1828,45.2014
2162,55.7522,37.6156
2163,59.931046,30.360478
2164,59.94110535,30.32548428
2165,59.931046,30.360478
2166,43.40200356,39.95575496
2167,43.40200356,39.95575496
2168,43.40200356,39.95575496
2169,55.85064987,37.57324219
2170,55.82018,37.83467
2171,10.4167,-67.2833
2172,59.936652,30.326431
2173,43.40200356,39.95575496
2174,51.0,10.0
2175,43.40208545,39.95577335
2176,43.40208545,39.95577335
2177,55.85064987,37.57324219
2178,59.93902778,30.31577778
2179,50.7753,6.0828
2180,59.931046,30.360478
2181,55.81769,37.44055
2182,43.40200356,39.95575496
2183,59.931046,30.360478
2184,43.40200356,39.95575496
2185,59.95,30.317
2186,43.40200356,39.95575496
2187,59.92972,30.37457
2188,51.51739215,-0.08489031
2189,55.81769,37.44055
2190,59.931046,30.360478
2191,43.40200356,39.95575496
2192,59.931046,30.360478
2193,59.931046,30.360478
2194,59.9381,30.3172
2195,53.60929308,7.95574134
2196,51.09353638,14.66291117
2197,43.40200356,39.95575496
2198,59.9358707,30.32426119
2199,59.94106964,30.31482706
2200,48.2083,16.3731
2201,55.75697,37.61502
2202,55.75697,37.61502
2203,59.92694444,30.30138889
2204,55.75,37.61666694
2205,59.94106964,30.31482706
2206,5.9714,116.095
2207,59.94090189,30.31447725
2208,59.91148158,30.35050392
2209,59.931046,30.360478
2210,59.931046,30.360478
2211,59.94,30.32861111
2212,59.931046,30.360478
2213,55.7522,37.6156
2214,43.40200356,39.95575496
2215,59.9433301,30.27855635
2216,43.40200356,39.95575496
2217,43.40200356,39.95575496
2218,59.92775,30.34999
2219,-1.28333,36.8167
2220,59.931046,30.360478
2221,51.91907349,8.84592544
2222,59.931046,30.360478
2223,43.40200356,39.95575496
2224,59.860649,30.4714
2225,59.931046,30.360478
2226,53.55,10.0014
2227,59.95,30.31666667
2228,59.93333333,30.33333333
2229,43.7418843,-79.54009004
2230,55.67611111,12.56888889
2231,55.82018,37.83467
2232,59.9653,30.3155
2233,43.40200356,39.95575496
2234,59.9404,30.3139
2235,59.96503298,30.30287007
2236,59.93902778,30.31577778
2237,59.93902778,30.31577778
2238,59.931046,30.360478
2239,59.9404,30.3139
2240,43.40200356,39.95575496
2241,43.40200356,39.95575496
2242,43.40200356,39.95575496
2243,55.82018,37.83467
2244,59.9342802,30.3350986
2245,59.94388889,30.24166667
2246,59.943556,30.30452
2247,59.79975933,30.27364341
2248,-6.91278,107.606
2249,59.929,30.29
2250,43.40208545,39.95577335
2251,59.931046,30.360478
2252,59.9342802,30.3350986
2253,59.9342802,30.3350986
2254,59.929,30.29
2255,59.929,30.29
2256,59.929,30.29
2257,59.931046,30.360478
2258,43.40208545,39.95577335
2259,59.9342802,30.3350986
2260,59.9342802,30.3350986
2261,59.9342802,30.3350986
2262,59.9342802,30.3350986
2263,43.40200356,39.95575496
2264,59.931046,30.360478
2265,59.9343,30.3245
2266,59.931046,30.360478
2267,59.931046,30.360478
2268,59.9342802,30.3350986
2269,55.81769,37.44055
2270,59.931046,30.360478
2271,59.9653,30.3155
2272,59.9342802,30.3350986
2273,55.81769,37.44055
2274,59.93509672,30.30765295
2275,59.95,30.31666667
2276,59.94106964,30.31482706
2277,59.931046,30.360478
2278,60.0584089,30.46938219
2279,43.40200356,39.95575496
2280,59.94,30.32861111
2281,59.94,30.32861111
2282,56.3167,44.0
2283,59.9342802,30.3350986
2284,59.9342802,30.3350986
2285,55.85064987,37.57324219
2286,56.321667,44.074722
2287,59.943556,30.30452
2288,59.9342802,30.3350986
2289,43.40200356,39.95575496
2290,55.85064987,37.57324219
2291,43.40200356,39.95575496
2292,60.1547,30.5253
2293,48.00333333,8.77638889
2294,55.75697,37.61502
2295,59.97293924,30.22063694
2296,59.95,30.3167
2297,-0.0244,37.9039
2298,59.93614,30.34764
2299,59.931046,30.360478
2300,59.931046,30.360478
2301,59.95,30.3167
2302,59.931046,30.360478
2303,56.33732116,43.96284493
2304,59.9381,30.3172
2305,23.74695248,90.41083932
2306,59.84255,30.31827
2307,59.9502,30.3164
2308,56.81590833,60.64484333
2309,56.81590833,60.64484333
2310,55.85064987,37.57324219
2311,9.06773965,-79.38638816
2312,59.931046,30.360478
2313,43.40208545,39.95577335
2314,59.95027778,30.29194444
2315,56.321667,44.074722
2316,55.85064987,37.57324219
2317,59.95,30.31666667
2318,59.8317186,30.3230511
2319,59.96088409,30.30690078
2320,59.94,30.32861111
2321,55.70733636,37.53908157
2322,59.95027778,30.29194444
2323,38.7,-9.18333333
2324,59.931046,30.360478
2325,55.75,37.61666694
2326,59.95,30.31666667
2327,59.6833,30.45
2328,24.3667,88.6
2329,55.81769,37.44055
2330,59.95,30.31666667
2331,55.85064987,37.57324219
2332,55.85064987,37.57324219
2333,59.931046,30.360478
2334,56.83253733,60.57352307
2335,43.5853,39.7203
2336,59.931046,30.360478
2337,59.931046,30.360478
2338,59.95,30.3167
2339,55.85064987,37.57324219
2340,-0.0244,37.9039
2341,59.931046,30.360478
2342,55.818837,49.158497
2343,59.95,30.31666667
2344,56.83253733,60.57352307
2345,59.931046,30.360478
2346,43.40208545,39.95577335
2347,55.75416667,37.62
2348,55.85064987,37.57324219
2349,43.40200356,39.95575496
2350,43.40200356,39.95575496
2351,59.9341,30.3062
2352,59.925,30.3622
2353,59.931046,30.360478
2354,55.85064987,37.57324219
2355,59.93246,30.34554
2356,59.9341,30.3062
2357,59.931046,30.360478
2358,59.931046,30.360478
2359,59.931046,30.360478
2360,55.81769,37.44055
2361,56.3288716,43.9866243
2362,59.931046,30.360478
2363,59.931046,30.360478
2364,55.818837,49.158497
